week,sales,tv_spend,search_spend,social_spend,true_baseline,true_seasonality,true_tv_adstock,true_search_adstock,true_social_adstock,true_campaign_effect,true_tv_effect,true_search_effect,true_social_effect
0,104.96714153011233,0.0,0.0,0.0,100.0,0.0,0.0,0.0,0.0,0.0,0.0,0.0,0.0
1,98.91147463534698,0.0,0.0,0.0,100.29411764705883,0.0,0.0,0.0,0.0,0.0,0.0,0.0,0.0
2,107.06512067512458,0.0,0.0,0.0,100.58823529411765,0.0,0.0,0.0,0.0,0.0,0.0,0.0,0.0
3,116.11265150525672,0.0,0.0,0.0,100.88235294117646,0.0,0.0,0.0,0.0,0.0,0.0,0.0,0.0
4,98.83493684100193,0.0,0.0,0.0,101.17647058823529,0.0,0.0,0.0,0.0,0.0,0.0,0.0,0.0
5,99.12921866580231,0.0,0.0,0.0,101.47058823529412,0.0,0.0,0.0,0.0,0.0,0.0,0.0,0.0
6,117.55683403742685,0.0,0.0,0.0,101.76470588235294,0.0,0.0,0.0,0.0,0.0,0.0,0.0,0.0
7,109.73317082094086,0.0,0.0,0.0,102.05882352941177,0.0,0.0,0.0,0.0,0.0,0.0,0.0,0.0
8,98.84719498611875,100.0,80.0,60.0,102.3529411764706,0.0,100.0,80.0,60.0,1.1889976689976691,0.5333333333333333,0.39384615384615396,0.2618181818181818
9,110.24322571421082,100.0,80.0,60.0,102.6470588235294,0.8,185.0,104.0,90.0,1.3705664548217742,0.6297872340425532,0.4322077922077923,0.3085714285714286
10,100.18727567474765,0.0,0.0,0.0,102.94117647058823,0.8,157.25,31.2,45.0,1.08027613228404,0.6069963811821473,0.2459113300492611,0.22736842105263155
11,99.41008775650697,0.0,0.0,0.0,103.23529411764706,0.0,133.66249999999997,9.36,22.5,0.8320911745624756,0.5822092152725787,0.10091644204851755,0.1489655172413793
12,106.6267497891839,0.0,0.0,0.0,103.52941176470588,0.0,113.61312499999998,2.808,11.25,0.6777153088176822,0.5555208361187405,0.03403120739281927,0.08816326530612245
13,85.27696536330735,0.0,0.0,0.0,103.82352941176471,0.0,96.57115624999997,0.8423999999999998,5.625,0.5862383981206274,0.5270950095271558,0.010604062750774945,0.04853932584269663
14,88.32626997604018,160.0,140.0,100.0,104.11764705882354,0.0,242.08548281249998,140.25272,102.8125,1.4578012423469793,0.6630537895453112,0.47180266752559447,0.3229447852760736
15,101.55563487603256,160.0,140.0,100.0,104.41176470588235,1.2,365.772660390625,182.075816,151.40625,1.5667454625599386,0.7037935780519591,0.5021140257027041,0.36083785880527536
16,97.08995232473634,0.0,0.0,0.0,104.70588235294117,1.2,310.90676133203124,54.6227448,75.703125,1.3123811751394083,0.6891680503508208,0.33413916580785413,0.2890739589807334
